No,distance,VrOriSSM,speed,modeSSMOri,modeCollab,x,y,z
1,1550.18,0,0,2,3,456.42,-39.88,297.88
2,1550.18,0,0,3,4,455.62,-65.18,301.54
3,1550.18,0,0,3,4,454.82,-92.64,305.18
4,1237.62,0,250,2,3,454.79,-93.81,305.3
5,1252.89,0,250,2,3,453.69,-130.93,310.35
6,1252.89,0,250,2,3,452.59,-166.33,315.37
7,1260.24,0,250,2,3,451.78,-193.43,319.07
8,1194.54,0,250,2,3,450.94,-221.42,322.91
9,1252.89,0,250,2,3,450.14,-248.96,326.54
10,1252.89,0,250,2,3,449.33,-274.23,330.2
11,1405.69,0,250,2,3,449.31,-275.43,330.31
12,1550.18,0,250,2,3,448.52,-301.09,333.93
13,1362.46,0,250,2,3,447.74,-327.03,337.5
14,1498.57,0,250,2,3,446.95,-354.89,341.09
15,1551.1,500,500,2,2,446.16,-380.39,344.73
16,1498.57,750,750,1,1,445.91,-388.42,329.87
17,1606.5,750,750,1,1,445.91,-388.42,305.98
18,1605.48,750,750,1,1,445.91,-388.42,282.06
19,1602.42,500,500,2,2,445.91,-388.42,257.94
20,1550.18,750,750,1,1,445.91,-388.42,233.7
21,1602.42,0,250,2,3,445.91,-388.43,209.94
22,1606.5,0,250,2,3,445.91,-388.43,175.33
23,1550.18,500,500,2,2,445.9,-388.43,143.61
24,1605.48,500,500,2,2,445.9,-388.43,119.65
25,1606.5,500,500,2,2,445.9,-388.43,95.58
26,1605.48,500,500,2,2,445.9,-388.43,70.8
27,1602.42,0,250,2,3,445.9,-388.43,45.81
28,1536.56,0,250,2,3,445.91,-388.43,13.26
29,1597.36,0,250,2,3,445.9,-388.43,-22.57
30,1597.36,0,250,2,3,445.91,-388.43,-55.78
31,1542.87,0,250,2,3,445.91,-388.42,-89.47
32,1547.43,0,250,2,3,445.91,-388.42,-124.48
33,1547.43,0,250,2,3,445.92,-388.42,-155.28
34,1547.43,0,250,2,3,445.91,-388.42,-171.88
35,943.49,0,0,3,4,445.91,-388.42,-171.03
36,893.23,0,0,3,4,445.91,-388.42,-180.83
37,861.07,0,0,3,4,445.91,-388.42,-180.83
38,861.07,0,0,3,4,445.91,-388.42,-180.83
39,861.07,0,0,3,4,445.91,-388.42,-180.83
40,879.3,0,0,3,4,445.91,-388.42,-180.83
41,879.3,0,0,3,4,445.91,-388.42,-180.83
42,879.3,0,0,3,4,445.91,-388.42,-180.83
43,879.3,0,0,3,4,445.91,-388.42,-180.83
44,879.3,0,0,3,4,445.91,-388.42,-180.83
45,879.3,0,0,3,4,445.91,-388.42,-180.83
46,879.3,0,0,3,4,445.91,-388.42,-180.83
47,879.3,0,0,3,4,445.91,-388.42,-180.83
48,879.3,0,0,3,4,445.91,-388.42,-180.83
49,879.3,0,0,3,4,445.91,-388.42,-180.83
50,879.3,0,0,3,4,445.91,-388.42,-180.83
51,879.3,0,0,3,4,445.91,-388.42,-180.83
52,879.3,0,0,3,4,445.91,-388.42,-180.83
53,879.3,0,0,3,4,445.91,-388.42,-180.83
54,879.3,0,0,3,4,445.91,-388.42,-180.83
55,879.3,0,0,3,4,445.91,-388.42,-180.83
56,879.3,0,0,3,4,445.91,-388.42,-180.83
57,879.3,0,0,3,4,445.91,-388.42,-180.83
58,879.3,0,0,3,4,445.91,-388.42,-180.83
59,879.3,0,0,3,4,445.91,-388.42,-180.83
60,879.3,0,0,3,4,445.91,-388.42,-180.83
61,879.3,0,0,3,4,445.91,-388.42,-180.83
62,879.3,0,0,3,4,445.91,-388.42,-180.83
63,879.3,0,0,3,4,445.91,-388.42,-180.83
64,879.3,0,0,3,4,445.91,-388.42,-180.83
65,879.3,0,0,3,4,445.91,-388.42,-180.83
66,879.3,0,0,3,4,445.91,-388.42,-180.83
67,879.3,0,0,3,4,445.91,-388.42,-180.83
68,879.3,0,0,3,4,445.91,-388.42,-180.83
69,879.3,0,0,3,4,445.91,-388.42,-180.83
70,879.3,0,0,3,4,445.91,-388.42,-180.83
71,879.3,0,0,3,4,445.91,-388.42,-180.83
72,879.3,0,0,3,4,445.91,-388.42,-180.83
73,879.3,0,0,3,4,445.91,-388.42,-180.83
74,879.3,0,0,3,4,445.91,-388.42,-180.83
75,879.3,0,0,3,4,445.91,-388.42,-180.83
76,879.3,0,0,3,4,445.91,-388.42,-180.83
77,879.3,0,0,3,4,445.91,-388.42,-180.83
78,879.3,0,0,3,4,445.91,-388.42,-180.83
79,879.3,0,0,3,4,445.91,-388.42,-180.83
80,879.3,0,0,3,4,445.91,-388.42,-180.83
81,879.3,0,0,3,4,445.91,-388.42,-180.83
82,879.3,0,0,3,4,445.91,-388.42,-180.83
83,879.3,0,0,3,4,445.91,-388.42,-180.83
84,879.3,0,0,3,4,445.91,-388.42,-180.83
85,879.3,0,0,3,4,445.91,-388.42,-180.83
86,879.3,0,0,3,4,445.91,-388.42,-180.83
87,879.3,0,0,3,4,445.91,-388.42,-180.83
88,879.3,0,0,3,4,445.91,-388.42,-180.83
89,879.3,0,0,3,4,445.91,-388.42,-180.83
90,879.3,0,0,3,4,445.91,-388.42,-180.83
91,879.3,0,0,3,4,445.91,-388.42,-180.83
92,879.3,0,0,3,4,445.91,-388.42,-180.83
93,879.3,0,0,3,4,445.91,-388.42,-180.83
94,879.3,0,0,3,4,445.91,-388.42,-180.83
95,879.3,0,0,3,4,445.91,-388.42,-180.83
96,879.3,0,0,3,4,445.91,-388.42,-180.83
97,879.3,0,0,3,4,445.91,-388.42,-180.83
98,879.3,0,0,3,4,445.91,-388.42,-180.83
99,879.3,0,0,3,4,445.91,-388.42,-180.83
100,879.3,0,0,3,4,445.91,-388.42,-180.83
101,879.3,0,0,3,4,445.91,-388.42,-180.83
102,879.3,0,0,3,4,445.91,-388.42,-180.83
103,879.3,0,0,3,4,445.91,-388.42,-180.83
104,879.3,0,0,3,4,445.91,-388.42,-180.83
105,879.3,0,0,3,4,445.91,-388.42,-180.83
106,879.3,0,0,3,4,445.91,-388.42,-180.83
107,879.3,0,0,3,4,445.91,-388.42,-180.83
108,879.3,0,0,3,4,445.91,-388.42,-180.83
109,879.3,0,0,3,4,445.91,-388.42,-180.83
110,879.3,0,0,3,4,445.91,-388.42,-180.83
111,879.3,0,0,3,4,445.91,-388.42,-180.83
112,879.3,0,0,3,4,445.91,-388.42,-180.83
113,879.3,0,0,3,4,445.91,-388.42,-180.83
114,879.3,0,0,3,4,445.91,-388.42,-180.83
115,879.3,0,0,3,4,445.91,-388.42,-180.83
116,879.3,0,0,3,4,445.91,-388.42,-180.83
117,879.3,0,0,3,4,445.91,-388.42,-180.83
118,879.3,0,0,3,4,445.91,-388.42,-180.83
119,879.3,0,0,3,4,445.91,-388.42,-180.83
120,879.3,0,0,3,4,445.91,-388.42,-180.83
121,879.3,0,0,3,4,445.91,-388.42,-180.83
122,879.3,0,0,3,4,445.91,-388.42,-180.83
123,879.3,0,0,3,4,445.91,-388.42,-180.83
124,879.3,0,0,3,4,445.91,-388.42,-180.83
125,879.3,0,0,3,4,445.91,-388.42,-180.83
126,879.3,0,0,3,4,445.91,-388.42,-180.83
127,879.3,0,0,3,4,445.91,-388.42,-180.83
128,879.3,0,0,3,4,445.91,-388.42,-180.83
129,879.3,0,0,3,4,445.91,-388.42,-180.83
130,879.3,0,0,3,4,445.91,-388.42,-180.83
131,879.3,0,0,3,4,445.91,-388.42,-180.83
132,879.3,0,0,3,4,445.91,-388.42,-180.83
133,879.3,0,0,3,4,445.91,-388.42,-180.83
134,879.3,0,0,3,4,445.91,-388.42,-180.83
135,879.3,0,0,3,4,445.91,-388.42,-180.83
136,879.3,0,0,3,4,445.91,-388.42,-180.83
137,879.3,0,0,3,4,445.91,-388.42,-180.83
138,879.3,0,0,3,4,445.91,-388.42,-180.83
139,1043.56,0,0,3,4,445.91,-388.42,-180.83
140,1043.56,0,0,3,4,445.91,-388.42,-180.83
141,1043.56,0,0,3,4,445.91,-388.42,-180.83
142,1043.56,0,0,3,4,445.91,-388.42,-180.83
143,1043.56,0,0,3,4,445.91,-388.42,-180.83
144,1043.56,0,0,3,4,445.91,-388.42,-180.83
145,1043.56,0,0,3,4,445.91,-388.42,-180.83
146,1043.56,0,0,3,4,445.91,-388.42,-180.83
147,1043.56,0,0,3,4,445.91,-388.42,-180.83
148,1043.56,0,0,3,4,445.91,-388.42,-180.83
149,1043.56,0,0,3,4,445.91,-388.42,-180.83
150,1043.56,0,0,3,4,445.91,-388.42,-180.83
151,1043.56,0,0,3,4,445.91,-388.42,-180.83
152,1043.56,0,0,3,4,445.91,-388.42,-180.83
153,1043.56,0,0,3,4,445.91,-388.42,-180.83
154,1043.56,0,0,3,4,445.91,-388.42,-180.83
155,1043.56,0,0,3,4,445.91,-388.42,-180.83
156,1043.56,0,0,3,4,445.91,-388.42,-180.83
157,1043.56,0,0,3,4,445.91,-388.42,-180.83
158,1043.56,0,0,3,4,445.91,-388.42,-180.83
159,1043.56,0,0,3,4,445.91,-388.42,-180.83
160,1043.56,0,0,3,4,445.91,-388.42,-180.83
161,1043.56,0,0,3,4,445.91,-388.42,-180.83
162,1043.56,0,0,3,4,445.91,-388.42,-180.83
163,1043.56,0,0,3,4,445.91,-388.42,-180.83
164,1043.56,0,0,3,4,445.91,-388.42,-180.83
165,1043.56,0,0,3,4,445.91,-388.42,-180.83
166,1043.56,0,0,3,4,445.91,-388.42,-180.83
167,1043.56,0,0,3,4,445.91,-388.42,-180.83
168,1043.56,0,0,3,4,445.91,-388.42,-180.83
169,1043.56,0,0,3,4,445.91,-388.42,-180.83
170,1043.56,0,0,3,4,445.91,-388.42,-180.83
171,1043.56,0,0,3,4,445.91,-388.42,-180.83
172,1043.56,0,0,3,4,445.91,-388.42,-180.83
173,1043.56,0,0,3,4,445.91,-388.42,-180.83
174,1043.56,0,0,3,4,445.91,-388.42,-180.83
175,1043.56,0,0,3,4,445.91,-388.42,-180.83
176,1043.56,0,0,3,4,445.91,-388.42,-180.83
177,1043.56,0,0,3,4,445.91,-388.42,-180.83
178,1043.56,0,0,3,4,445.91,-388.42,-180.83
179,1043.56,0,0,3,4,445.91,-388.42,-180.83
180,1043.56,0,0,3,4,445.91,-388.42,-180.83
181,1043.56,0,0,3,4,445.91,-388.42,-180.83
182,1043.56,0,0,3,4,445.91,-388.42,-180.83
183,1043.56,0,0,3,4,445.91,-388.42,-180.83
184,1043.56,0,0,3,4,445.91,-388.42,-180.83
185,1043.56,0,0,3,4,445.91,-388.42,-180.83
186,1043.56,0,0,3,4,445.91,-388.42,-180.83
187,1043.56,0,0,3,4,445.91,-388.42,-180.83
188,1043.56,0,0,3,4,445.91,-388.42,-180.83
189,1043.56,0,0,3,4,445.91,-388.42,-180.83
190,1043.56,0,0,3,4,445.91,-388.42,-180.83
191,1043.56,0,0,3,4,445.91,-388.42,-180.83
192,1043.56,0,0,3,4,445.91,-388.42,-180.83
193,1043.56,0,0,3,4,445.91,-388.42,-180.83
194,1043.56,0,0,3,4,445.91,-388.42,-180.83
195,1043.56,0,0,3,4,445.91,-388.42,-180.83
196,1043.56,0,0,3,4,445.91,-388.42,-180.83
197,1043.56,0,0,3,4,445.91,-388.42,-180.83
198,1043.56,0,0,3,4,445.91,-388.42,-180.83
199,1043.56,0,0,3,4,445.91,-388.42,-180.83
200,1043.56,0,0,3,4,445.91,-388.42,-180.83
201,1043.56,0,0,3,4,445.91,-388.42,-180.83
202,1043.56,0,0,3,4,445.91,-388.42,-180.83
203,1043.56,0,0,3,4,445.91,-388.42,-180.83
204,1043.56,0,0,3,4,445.91,-388.42,-180.83
205,1043.56,0,0,3,4,445.91,-388.42,-180.83
206,1043.56,0,0,3,4,445.91,-388.42,-180.83
207,1043.56,0,0,3,4,445.91,-388.42,-180.83
208,1043.56,0,0,3,4,445.91,-388.42,-180.83
209,1043.56,0,0,3,4,445.91,-388.42,-180.83
210,1043.56,0,0,3,4,445.91,-388.42,-180.83
211,1043.56,0,0,3,4,445.91,-388.42,-180.83
212,1043.56,0,0,3,4,445.91,-388.42,-180.83
213,1043.56,0,0,3,4,445.91,-388.42,-180.83
214,1043.56,0,0,3,4,445.91,-388.42,-180.83
215,1043.56,0,0,3,4,445.91,-388.42,-180.83
216,1043.56,0,0,3,4,445.91,-388.42,-180.83
217,1043.56,0,0,3,4,445.91,-388.42,-180.83
218,1043.56,0,0,3,4,445.91,-388.42,-180.83
219,1043.56,0,0,3,4,445.91,-388.42,-180.83
220,1043.56,0,0,3,4,445.91,-388.42,-180.83
221,1043.56,0,0,3,4,445.91,-388.42,-180.83
222,1043.56,0,0,3,4,445.91,-388.42,-180.83
223,1043.56,0,0,3,4,445.91,-388.42,-180.83
224,1043.56,0,0,3,4,445.91,-388.42,-180.83
225,1043.56,0,0,3,4,445.91,-388.42,-180.83
226,1388.84,0,250,2,3,445.91,-388.42,-180.83
227,1388.84,0,250,2,3,445.91,-388.42,-159.74
228,1388.84,0,250,2,3,445.91,-388.42,-158.19
229,1405,0,250,2,3,445.91,-388.42,-147.99
230,1405,0,250,2,3,445.91,-388.42,-112.51
231,1405,0,250,2,3,445.91,-388.42,-111.11
232,1405,0,250,2,3,445.92,-388.42,-111.75
233,1405,0,250,2,3,445.91,-388.42,-110.55
234,1405,0,250,2,3,445.91,-388.42,-109.19
235,1405,0,250,2,3,445.91,-388.42,-109.78
236,1405,0,250,2,3,445.91,-388.42,-108.63
237,1405,0,250,2,3,445.92,-388.42,-107.23
238,1405,0,250,2,3,445.92,-388.42,-106.07
239,1405,0,250,2,3,445.91,-388.42,-106.67
240,1317.88,0,250,2,3,445.91,-388.42,-105.48
241,1363.09,0,250,2,3,445.91,-388.43,-73.58
242,1451.03,0,250,2,3,445.91,-388.43,-38.22
243,1402.95,500,500,2,2,445.9,-388.43,-5.81
244,1486.25,0,250,2,3,445.9,-388.43,20.58
245,1602.42,0,250,2,3,445.91,-388.43,52.13
246,1664.86,750,750,1,1,445.9,-388.43,86.56
247,1551.1,750,750,1,1,445.9,-388.43,110.4
248,1602.42,500,500,2,2,445.9,-388.43,134.53
249,1597.36,0,250,2,3,445.9,-388.43,158.8
250,1638.15,0,250,2,3,445.9,-388.43,192.76
251,1597.36,750,750,1,1,445.9,-388.43,224.68
252,1655.81,0,250,2,3,445.91,-388.42,248.24
253,1551.1,0,250,2,3,445.91,-388.42,282.68
254,1405.69,0,250,2,3,445.91,-388.43,316.36
255,1709.96,0,250,2,3,445.91,-388.43,340.27
256,1709.96,0,250,2,3,445.91,-370.87,345.8
257,1892.41,0,250,2,3,445.92,-358.71,345.81
258,1892.41,0,250,2,3,445.91,-334.9,345.8
259,1626.33,0,150,2,3,445.91,-310.67,345.81
260,1590.35,0,150,2,3,445.91,-276.91,345.8
261,1709.96,0,150,2,3,445.91,-252.43,345.81
262,1709.96,0,150,2,3,445.91,-217.19,345.81
263,1709.96,0,150,2,3,445.91,-217.79,345.81
264,1709.96,0,150,2,3,445.91,-216.62,345.81
265,1709.96,0,150,2,3,445.91,-215.47,345.81
266,1709.96,0,150,2,3,445.91,-215.86,345.8
267,1709.96,0,150,2,3,445.91,-214.7,345.81
268,1709.96,0,150,2,3,445.91,-213.34,345.8
269,1709.96,0,150,2,3,445.92,-213.43,345.81
270,1709.96,0,150,2,3,445.92,-213.43,345.81
271,1709.96,0,150,2,3,445.92,-213.46,345.81
272,1709.96,0,150,2,3,445.91,-213.77,345.81
273,1709.96,0,150,2,3,445.92,-212.58,345.81
274,1709.96,0,150,2,3,445.91,-211.38,345.81
275,1709.96,0,150,2,3,445.91,-210.22,345.81
276,1709.96,0,150,2,3,445.91,-210.82,345.81
277,1709.96,0,150,2,3,445.92,-209.67,345.81
278,1709.96,0,150,2,3,445.91,-208.26,345.81
279,1709.96,0,150,2,3,445.91,-207.1,345.81
280,1709.96,0,150,2,3,445.92,-207.9,345.81
281,1709.96,0,150,2,3,445.92,-206.74,345.8
282,1709.96,0,150,2,3,445.92,-205.58,345.81
283,1709.96,0,150,2,3,445.92,-204.18,345.81
284,1709.96,0,150,2,3,445.91,-203.02,345.81
285,1709.96,0,150,2,3,445.92,-203.86,345.8
286,1709.96,0,150,2,3,445.91,-202.66,345.81
287,1709.96,0,150,2,3,445.92,-201.51,345.81
288,1709.96,0,150,2,3,445.91,-200.3,345.81
289,1709.96,0,150,2,3,445.92,-199.34,345.81
290,1709.96,0,150,2,3,445.92,-198.14,345.81
291,1709.96,0,150,2,3,445.92,-198.98,345.81
292,1709.96,0,150,2,3,445.92,-197.58,345.81
293,1709.96,0,150,2,3,445.92,-196.26,345.81
294,1709.96,0,150,2,3,445.92,-195.07,345.81
295,1709.96,0,150,2,3,445.91,-195.9,345.81
296,1709.96,0,150,2,3,445.92,-194.71,345.81
297,1709.96,0,150,2,3,445.92,-193.54,345.81
298,1709.96,0,150,2,3,445.92,-192.14,345.81
299,1709.96,0,150,2,3,445.92,-192.99,345.81
300,1709.96,0,150,2,3,445.92,-191.82,345.81
301,1709.96,0,150,2,3,445.92,-190.62,345.81
302,1709.96,0,150,2,3,445.92,-189.07,345.81
303,1709.96,0,150,2,3,445.92,-189.86,345.81
304,1709.96,0,150,2,3,445.92,-188.32,345.81
305,1709.96,0,150,2,3,445.92,-188.43,345.81
306,1709.96,0,150,2,3,445.92,-188.43,345.81
307,1709.96,0,150,2,3,445.92,-188.47,345.81
308,1709.96,0,150,2,3,445.92,-187.02,345.8
309,1709.96,0,150,2,3,445.92,-187.63,345.81
310,1709.96,0,150,2,3,445.91,-186.47,345.81
311,1709.96,0,150,2,3,445.92,-185.07,345.81
312,1709.96,0,150,2,3,445.92,-185.71,345.81
313,1709.96,0,150,2,3,445.92,-184.51,345.8
314,1709.96,0,150,2,3,445.92,-183.35,345.81
315,1709.96,0,150,2,3,445.92,-182.15,345.81
316,1709.96,0,150,2,3,445.92,-182.99,345.81
317,1709.96,0,150,2,3,445.92,-181.59,345.81
318,1709.96,0,150,2,3,445.92,-180.43,345.81
319,1709.96,0,150,2,3,445.92,-179.27,345.81
320,1709.96,0,150,2,3,445.92,-178.07,345.8
321,1709.96,0,150,2,3,445.92,-178.66,345.8
322,1709.96,0,150,2,3,445.92,-177.51,345.8
323,1709.96,0,150,2,3,445.92,-176.11,345.8
324,1709.96,0,150,2,3,445.92,-176.75,345.8
325,1709.96,0,150,2,3,445.92,-175.35,345.8
326,1709.96,0,150,2,3,445.92,-174.19,345.81
327,1709.96,0,150,2,3,445.92,-174.99,345.81
328,1709.96,0,150,2,3,445.91,-173.83,345.81
329,1709.96,0,150,2,3,445.92,-172.43,345.81
330,1709.96,0,150,2,3,445.92,-171.07,345.8
331,1709.96,0,150,2,3,445.92,-171.91,345.81
332,1709.96,0,150,2,3,445.92,-170.5,345.8
333,1709.96,0,150,2,3,445.92,-169.11,345.8
334,1709.96,0,150,2,3,445.92,-169.75,345.81
335,1709.96,0,150,2,3,445.92,-168.35,345.81
336,1709.96,0,150,2,3,445.92,-167.19,345.81
337,1709.96,0,150,2,3,445.92,-167.99,345.8
338,1709.96,0,150,2,3,445.92,-166.63,345.81
339,1709.96,0,150,2,3,445.92,-165.23,345.8
340,1709.96,0,150,2,3,445.91,-164.07,345.81
341,1709.96,0,150,2,3,445.92,-164.67,345.81
342,1709.96,0,150,2,3,445.92,-163.2,345.8
343,1709.96,0,150,2,3,445.92,-163.43,345.8
344,1709.96,0,150,2,3,445.92,-163.43,345.8
345,1709.96,0,150,2,3,445.92,-163.44,345.8
346,1709.96,0,150,2,3,445.92,-163.66,345.8
347,1709.96,0,150,2,3,445.92,-162.19,345.8
348,1709.96,0,150,2,3,445.92,-162.79,345.81
349,1709.96,0,150,2,3,445.92,-161.63,345.8
350,1709.96,0,150,2,3,445.92,-160.27,345.81
351,1709.96,0,150,2,3,445.92,-160.67,345.8
352,1709.96,0,150,2,3,445.92,-159.47,345.81
353,1709.96,0,150,2,3,445.92,-158.11,345.81
354,1709.96,0,150,2,3,445.92,-158.75,345.8
355,1709.96,0,150,2,3,445.92,-157.59,345.81
356,1709.96,0,150,2,3,445.92,-156.44,345.8
357,1709.96,0,150,2,3,445.92,-155.23,345.81
358,1709.96,0,150,2,3,445.92,-155.83,345.81
359,1709.96,0,150,2,3,445.92,-154.47,345.8
360,1709.96,0,150,2,3,445.92,-153.27,345.8
361,1709.96,0,150,2,3,445.92,-153.91,345.81
362,1709.96,0,150,2,3,445.92,-152.55,345.8
363,1709.96,0,150,2,3,445.92,-151.15,345.81
364,1709.96,0,150,2,3,445.92,-151.79,345.8
365,1709.96,0,150,2,3,445.92,-150.59,345.8
366,1709.96,0,150,2,3,445.92,-149.43,345.81
367,1287.83,0,150,2,3,445.92,-148.23,345.81
368,1341.1,0,150,2,3,445.92,-114.39,345.8
369,1360.59,0,150,2,3,445.92,-83.52,345.79
370,1655.81,750,750,1,1,445.92,-59.67,345.8
371,1486.25,0,750,2,3,445.92,-35.03,345.8
372,1648.01,0,750,2,3,445.92,-12.84,345.8
373,1648.01,0,750,2,3,445.92,12.99,345.8
374,1834.85,0,750,2,3,445.93,37.5,345.81
375,1528.55,0,750,2,3,445.92,62.44,345.81
376,1648.01,500,500,2,2,445.93,87.32,345.81
377,1590.35,0,500,2,3,445.93,111.28,345.8
378,1590.35,100,750,1,1,445.93,135.51,345.81
379,1597.36,0,750,2,3,445.93,157.99,345.8
380,1597.36,0,750,2,3,445.93,181.67,345.8
381,1597.36,0,750,2,3,445.93,205.31,345.8
382,1661.45,0,750,2,3,445.93,229.24,345.81
383,1606.5,0,750,2,3,445.93,253.37,345.81
384,1606.5,750,750,1,1,445.93,253.79,323.01
385,1550.18,0,750,2,3,445.93,253.79,299.3
386,1551.1,0,750,2,3,445.93,253.79,275.26
387,1606.5,750,750,1,1,445.93,253.79,251.73
388,1606.5,0,250,2,3,445.93,253.79,228.21
389,1948.39,750,750,1,1,445.92,253.79,195.8
390,1597.36,0,250,2,3,445.93,253.79,170.81
391,1551.1,0,250,2,3,445.93,253.79,138.49
392,1605.48,0,250,2,3,445.93,253.79,104.81
393,1605.48,0,250,2,3,445.92,253.79,70.83
394,1605.48,750,750,1,1,445.92,253.78,38.69
395,1606.5,750,750,1,1,445.92,253.78,15.05
396,1666,750,750,1,1,445.92,253.79,-9.73
397,1551.1,750,750,1,1,445.92,253.79,-32.21
398,1605.48,0,250,2,3,445.92,253.79,-56.01
399,1606.5,0,250,2,3,445.92,253.79,-91.57
400,1399.55,500,500,2,2,445.92,253.79,-126.89
401,1399.55,500,500,2,2,445.92,253.79,-149.45
402,1399.55,500,500,2,2,445.92,253.79,-161.89
403,1399.55,500,500,2,2,445.92,253.79,-161.09
404,1399.55,500,500,2,2,445.93,253.79,-162.45
405,1399.55,500,500,2,2,445.92,253.79,-163.65
406,1399.55,500,500,2,2,445.92,253.79,-164.81
407,1399.55,500,500,2,2,445.92,253.79,-164.2
408,1399.55,500,500,2,2,445.92,253.79,-165.36
409,1399.55,500,500,2,2,445.92,253.79,-166.76
410,1399.55,500,500,2,2,445.92,253.79,-167.93
411,1399.55,500,500,2,2,445.92,253.79,-167.13
412,1399.55,500,500,2,2,445.92,253.79,-168.49
413,1399.55,500,500,2,2,445.92,253.79,-169.69
414,1399.55,500,500,2,2,445.92,253.79,-170.85
415,1399.55,500,500,2,2,445.92,253.79,-170.01
416,1399.55,500,500,2,2,445.92,253.79,-171.21
417,1399.55,500,500,2,2,445.92,253.79,-172.37
418,1399.55,500,500,2,2,445.92,253.79,-173.57
419,1399.55,500,500,2,2,445.93,253.79,-174.93
420,1399.55,500,500,2,2,445.92,253.79,-174.13
421,1399.55,500,500,2,2,445.92,253.79,-175.53
422,1399.55,500,500,2,2,445.92,253.79,-176.68
423,1399.55,500,500,2,2,445.92,253.79,-177.84
424,1399.55,500,500,2,2,445.93,253.79,-177.25
425,1399.55,500,500,2,2,445.92,253.79,-178.45
426,1399.55,500,500,2,2,445.92,253.79,-179.61
427,1399.55,500,500,2,2,445.92,253.79,-180.76
428,1399.55,500,500,2,2,445.92,253.79,-180.42
429,1399.55,500,500,2,2,445.92,253.79,-180.16
430,1399.55,500,500,2,2,445.92,253.79,-180.16
431,1399.55,500,500,2,2,445.93,253.79,-180.17
432,1399.55,500,500,2,2,445.92,253.79,-180.53
433,1399.55,500,500,2,2,445.92,253.79,-179.32
434,1399.55,500,500,2,2,445.92,253.79,-178.16
435,1399.55,500,500,2,2,445.92,253.79,-178.76
436,1399.55,500,500,2,2,445.93,253.79,-177.6
437,1399.55,500,500,2,2,445.92,253.79,-176.4
438,1399.55,500,500,2,2,445.92,253.79,-175.24
439,1399.55,500,500,2,2,445.92,253.79,-174.08
440,1399.55,500,500,2,2,445.93,253.79,-174.88
441,1399.55,500,500,2,2,445.92,253.79,-173.52
442,1399.55,500,500,2,2,445.92,253.79,-172.36
443,1399.55,500,500,2,2,445.92,253.79,-171.16
444,1399.55,500,500,2,2,445.92,253.79,-171.8
445,1399.55,500,500,2,2,445.93,253.79,-170.6
446,1399.55,500,500,2,2,445.92,253.79,-169.44
447,1399.55,500,500,2,2,445.92,253.79,-168.24
448,1399.55,500,500,2,2,445.93,253.79,-167.08
449,1399.55,500,500,2,2,445.92,253.79,-167.68
450,1399.55,500,500,2,2,445.93,253.79,-166.52
451,1399.55,500,500,2,2,445.93,253.79,-165.36
452,1399.55,500,500,2,2,445.93,253.79,-165.96
453,1399.55,500,500,2,2,445.92,253.79,-164.8
454,1399.55,500,500,2,2,445.92,253.79,-163.63
455,1399.55,500,500,2,2,445.92,253.79,-162.44
456,1399.55,500,500,2,2,445.93,253.79,-161.28
457,1399.55,500,500,2,2,445.93,253.79,-160.08
458,1399.55,500,500,2,2,445.92,253.79,-160.92
459,1399.55,500,500,2,2,445.93,253.79,-159.72
460,1399.55,500,500,2,2,445.93,253.79,-158.36
461,1399.55,500,500,2,2,445.92,253.79,-157.16
462,1399.55,500,500,2,2,445.93,253.79,-157.8
463,1399.55,500,500,2,2,445.92,253.79,-156.6
464,1399.55,500,500,2,2,445.92,253.79,-155.13
465,1399.55,500,500,2,2,445.92,253.79,-155.16
466,1399.55,500,500,2,2,445.92,253.79,-155.17
467,1399.55,500,500,2,2,445.92,253.79,-155.54
468,1399.55,500,500,2,2,445.92,253.79,-154.35
469,1399.55,500,500,2,2,445.92,253.79,-153.16
470,1399.55,500,500,2,2,445.92,253.79,-154
471,1399.55,500,500,2,2,445.92,253.79,-152.59
472,1399.55,500,500,2,2,445.93,253.79,-151.44
473,1399.55,500,500,2,2,445.92,253.79,-150.24
474,1399.55,500,500,2,2,445.92,253.79,-150.88
475,1399.55,500,500,2,2,445.92,253.79,-149.68
476,1399.55,500,500,2,2,445.92,253.79,-148.32
477,1399.55,500,500,2,2,445.92,253.79,-147.12
478,1399.55,500,500,2,2,445.93,253.79,-147.96
479,1399.55,500,500,2,2,445.92,253.79,-146.75
480,1399.55,500,500,2,2,445.92,253.79,-145.39
481,1399.55,500,500,2,2,445.92,253.79,-144.24
482,1399.55,500,500,2,2,445.92,253.79,-143.04
483,1393.49,0,250,2,3,445.92,253.79,-143.88
484,1448.77,0,250,2,3,445.92,253.79,-108.04
485,1212.19,0,250,2,3,445.92,253.79,-77.4
486,1212.19,0,250,2,3,445.92,253.79,-43.88
487,789.04,0,0,3,4,445.92,253.79,-42.48
488,788.07,0,0,3,4,445.92,253.79,-30.17
489,817.86,0,0,3,4,445.92,253.79,-30.17
490,832.86,0,0,3,4,445.92,253.79,-30.17
491,816.64,0,0,3,4,445.92,253.79,-30.17
492,833,0,0,3,4,445.92,253.79,-30.17
493,881.32,0,0,3,4,445.92,253.79,-30.17
494,966.74,0,0,3,4,445.92,253.79,-30.17
495,960.33,0,0,3,4,445.92,253.79,-30.17
496,867.29,0,0,3,4,445.92,253.79,-30.17
497,991.79,0,0,3,4,445.92,253.79,-30.17
498,991.79,0,0,3,4,445.92,253.79,-30.17
499,1362.46,750,750,1,1,445.92,253.79,-30.17
500,1323,0,0,3,4,445.92,253.79,-10.88
501,1405,750,750,1,1,445.92,253.79,-5.17
502,1405,0,250,2,3,445.92,253.79,15.92
503,1793.55,0,250,2,3,445.92,253.79,47.4
504,2246.29,0,250,2,3,445.92,253.78,81.23
505,2364.2,750,750,1,1,445.92,253.79,115.28
506,1664.86,750,750,1,1,445.93,253.79,138.84
507,1448.02,0,250,2,3,445.93,253.79,162.48
508,1528.55,0,250,2,3,445.93,253.79,195.81
509,1570.84,0,250,2,3,445.93,253.79,227.97
510,1558.53,0,250,2,3,445.93,253.79,261.4
511,1544.69,0,250,2,3,445.93,253.79,295.46
512,1558.53,0,250,2,3,445.93,253.79,319.28
513,1638.15,0,250,2,3,445.93,253.8,343
514,1536.56,750,750,1,1,458.81,237.69,345.81
515,1590.35,750,750,1,1,468.43,216.29,345.81
516,1542.87,500,500,2,2,468.75,192.94,345.81
517,1597.36,0,150,2,3,467.76,169.62,345.81
518,1818.29,500,500,2,2,474.4,136.4,345.81
519,1670.59,0,150,2,3,479.1,112.93,345.82
520,1562.29,0,150,2,3,485.83,79.26,345.81
521,1612.68,0,150,2,3,485.92,47.48,345.81
522,1664.86,0,150,2,3,485.93,23.33,345.81
523,1602.42,750,750,1,1,485.93,-1.37,345.81
524,1605.48,500,500,2,2,485.93,-25.97,345.81
525,1605.48,0,500,2,3,485.85,-46.65,345.81
526,1550.18,0,500,2,3,483.53,-20.85,345.81
527,1605.48,0,500,2,3,481.15,7.54,345.81
528,1666,0,500,2,3,478.81,33.96,345.81
529,1605.48,0,500,2,3,476.45,60.42,345.82
530,1605.48,0,500,2,3,474.12,86.67,345.82
531,1547.43,0,500,2,3,471.81,112.69,345.81
532,1542.87,0,500,2,3,469.45,139.22,345.81
533,1597.36,0,500,2,3,467.1,165.64,345.81
534,1597.36,750,750,1,1,465.92,168.21,345.82
535,1547.43,500,500,2,2,465.93,144.57,345.81
536,1602.42,750,750,1,1,465.92,121.05,345.82
537,1542.87,750,750,1,1,465.92,96.89,345.81
538,1709.96,750,750,1,1,465.92,73.49,345.81
539,1550.18,0,750,2,3,465.92,49.57,345.82
540,1597.36,0,150,2,3,465.92,25.61,345.81
541,1528.55,0,150,2,3,465.92,-10.84,345.81
542,1528.55,100,750,1,1,465.92,-34.97,345.81
543,1597.36,0,750,2,3,465.92,-56.37,345.82
544,1597.36,0,750,2,3,465.92,-80.65,345.82
545,1648.01,0,750,2,3,465.92,-94.17,345.81
546,1685.77,0,750,2,3,464.55,-117.88,345.81
547,1698.95,0,750,2,3,462.74,-143.5,345.82
548,1709.96,0,150,2,3,460.92,-169.04,345.82
549,1638.15,0,150,2,3,458.42,-206.65,345.82
550,1597.36,0,150,2,3,456.62,-232.36,345.82
551,1730.08,0,150,2,3,454.77,-259.38,345.82
552,1648.01,0,150,2,3,452.27,-296.99,345.82
553,1638.15,500,500,2,2,450.45,-322.44,345.82
554,1655.81,0,150,2,3,448.63,-349.91,345.83
555,1786.46,750,750,1,1,446.12,-385.31,345.82
556,1544.69,0,150,2,3,435.92,-388.42,337.86
557,1597.36,0,0,3,4,435.91,-388.42,303.58
558,1728.8,0,150,2,3,435.92,-388.42,295.82
559,1581.48,0,250,2,3,435.91,-388.42,275.1
560,1626.33,0,250,2,3,435.92,-388.42,243.43
561,1558.53,0,250,2,3,435.92,-388.42,209.75
562,1570.84,0,250,2,3,435.92,-388.42,175.62
563,1581.48,0,250,2,3,435.92,-388.41,144.23
564,1648.01,0,250,2,3,435.92,-388.42,110.31
565,1648.01,0,250,2,3,435.92,-388.42,75.94
566,667.74,0,0,3,4,435.92,-388.42,75.34
567,689.1,0,0,3,4,435.92,-388.42,70.82
568,680.3,0,0,3,4,435.92,-388.42,70.82
569,679.6,0,0,3,4,435.92,-388.42,70.82
570,680.3,0,0,3,4,435.92,-388.42,70.82
571,713.19,0,0,3,4,435.92,-388.42,70.82
572,725.14,0,0,3,4,435.92,-388.42,70.82
573,875.96,0,0,3,4,435.92,-388.42,70.82
574,875.96,0,0,3,4,435.92,-388.42,70.82
575,1547.43,500,500,2,2,435.92,-388.42,70.82
576,1496.08,0,250,2,3,435.92,-388.42,50.02
577,1551.1,750,750,1,1,435.92,-388.42,18.62
578,1550.18,0,250,2,3,435.93,-388.41,-5.06
579,1499.4,0,250,2,3,435.93,-388.41,-40.98
580,1550.18,500,500,2,2,435.93,-388.41,-73.14
581,1550.18,0,250,2,3,435.92,-388.42,-97.18
582,1550.18,0,250,2,3,435.92,-388.42,-130.81
583,1661.45,0,250,2,3,435.92,-388.42,-162.45
584,1661.45,0,250,2,3,435.92,-388.42,-163.6
585,1661.45,0,250,2,3,435.92,-388.42,-162.4
586,1661.45,0,250,2,3,435.92,-388.41,-161.25
587,1661.45,0,250,2,3,435.92,-388.42,-161.85
588,1661.45,0,250,2,3,435.92,-388.42,-160.69
589,1661.45,0,250,2,3,435.92,-388.42,-159.32
590,1661.45,0,250,2,3,435.92,-388.42,-158.12
591,1661.45,0,250,2,3,435.92,-388.42,-158.77
592,1661.45,0,250,2,3,435.93,-388.41,-157.61
593,1661.45,0,250,2,3,435.92,-388.42,-156.2
594,1661.45,0,250,2,3,435.92,-388.42,-155.25
595,1661.45,0,250,2,3,435.92,-388.42,-155.76
596,1661.45,0,250,2,3,435.92,-388.42,-155.81
597,1661.45,0,250,2,3,435.92,-388.42,-155.81
598,1661.45,0,250,2,3,435.92,-388.42,-155.84
599,1661.45,0,250,2,3,435.92,-388.42,-154.15
600,1661.45,0,250,2,3,435.92,-388.41,-154.76
601,1661.45,0,250,2,3,435.92,-388.42,-153.36
602,1661.45,0,250,2,3,435.92,-388.42,-152.2
603,1661.45,0,250,2,3,435.92,-388.42,-152.8
604,1661.45,0,250,2,3,435.92,-388.42,-151.45
605,1661.45,0,250,2,3,435.92,-388.42,-150.24
606,1661.45,0,250,2,3,435.92,-388.42,-149.08
607,1661.45,0,250,2,3,435.92,-388.42,-149.69
608,1661.45,0,250,2,3,435.92,-388.42,-148.52
609,1661.45,0,250,2,3,435.92,-388.42,-147.32
610,1661.45,0,250,2,3,435.92,-388.42,-147.96
611,1661.45,0,250,2,3,435.92,-388.41,-146.77
612,1661.45,0,250,2,3,435.92,-388.42,-145.6
613,1661.45,0,250,2,3,435.92,-388.42,-144.24
614,1661.45,0,250,2,3,435.92,-388.42,-144.84
615,1661.45,0,250,2,3,435.92,-388.42,-143.68
616,1661.45,0,250,2,3,435.92,-388.42,-142.52
617,1661.45,0,250,2,3,435.92,-388.41,-141.33
618,1661.45,0,250,2,3,435.92,-388.42,-141.96
619,1661.45,0,250,2,3,435.92,-388.42,-140.6
620,1661.45,0,250,2,3,435.92,-388.42,-139.21
621,1661.45,0,250,2,3,435.92,-388.41,-139.8
622,1661.45,0,250,2,3,435.92,-388.41,-138.65
623,1661.45,0,250,2,3,435.92,-388.42,-137.48
624,1661.45,0,250,2,3,435.92,-388.42,-136.08
625,1661.45,0,250,2,3,435.92,-388.42,-136.92
626,1661.45,0,250,2,3,435.92,-388.41,-135.72
627,1661.45,0,250,2,3,435.92,-388.41,-134.36
628,1661.45,0,250,2,3,435.92,-388.42,-134.96
629,1661.45,0,250,2,3,435.92,-388.42,-133.8
630,1661.45,0,250,2,3,435.92,-388.42,-132.6
631,1661.45,0,250,2,3,435.92,-388.42,-131.44
632,1661.45,0,250,2,3,435.92,-388.42,-130.24
633,1661.45,0,250,2,3,435.92,-388.42,-130.71
634,1661.45,0,250,2,3,435.92,-388.41,-130.81
635,1661.45,0,250,2,3,435.92,-388.41,-130.81
636,1661.45,0,250,2,3,435.92,-388.42,-130.81
637,1661.45,0,250,2,3,435.92,-388.42,-129.18
638,1661.45,0,250,2,3,435.92,-388.42,-129.81
639,1661.45,0,250,2,3,435.92,-388.41,-128.41
640,1661.45,0,250,2,3,435.92,-388.42,-127.25
641,1661.45,0,250,2,3,435.92,-388.41,-127.85
642,1661.45,0,250,2,3,435.92,-388.41,-126.69
643,1661.45,0,250,2,3,435.92,-388.41,-125.28
644,1661.45,0,250,2,3,435.92,-388.42,-125.88
645,1661.45,0,250,2,3,435.92,-388.42,-124.52
646,1661.45,0,250,2,3,435.92,-388.41,-123.36
647,1661.45,0,250,2,3,435.92,-388.41,-123.97
648,1661.45,0,250,2,3,435.92,-388.41,-122.57
649,1661.45,0,250,2,3,435.92,-388.41,-121.21
650,1200.05,0,0,3,4,435.92,-388.41,-120.05
651,1405,0,0,3,4,435.92,-388.41,-105.81
652,1551.1,500,500,2,2,435.92,-388.41,-105.81
653,1550.18,0,250,2,3,435.92,-388.41,-84.37
654,1498.57,0,250,2,3,435.92,-388.41,-52.21
655,1536.56,0,250,2,3,435.93,-388.41,-18.25
656,1495.25,0,250,2,3,435.92,-388.42,16.8
657,1450.28,0,250,2,3,435.92,-388.42,48.61
658,1529.43,0,250,2,3,435.92,-388.42,83.17
659,1544.69,0,250,2,3,435.92,-388.42,117.17
660,1481.4,0,250,2,3,435.92,-388.42,148.65
661,1528.55,750,750,1,1,435.92,-388.42,183.45
662,1528.55,0,250,2,3,435.92,-388.42,206.86
663,1634.9,0,250,2,3,435.92,-388.42,241.94
664,1476.61,0,250,2,3,435.91,-388.42,273.45
665,1476.61,0,250,2,3,435.91,-388.42,307.49
666,1405,0,250,2,3,435.91,-388.42,308.29
667,1405,0,250,2,3,435.91,-388.42,332.69
668,1605.48,0,250,2,3,435.92,-377.33,345.81
669,1362.46,0,250,2,3,435.92,-354.98,345.81
670,1204.78,0,250,2,3,435.92,-330.78,345.8
671,1204.78,0,250,2,3,435.92,-306.66,345.81
672,1450.28,0,250,2,3,435.92,-305.66,345.8
673,1448.02,0,250,2,3,435.91,-281.57,345.8
674,1597.36,750,750,1,1,435.91,-257.53,345.81
675,1698.95,0,750,2,3,435.92,-233.29,345.81
676,1542.87,750,750,1,1,435.92,-210.89,345.8
677,1448.02,0,0,3,4,435.92,-186.57,345.81
678,1450.28,0,750,2,3,435.92,-163.41,345.81
679,1602.42,0,750,2,3,435.92,-143.97,345.81
680,1536.56,0,750,2,3,435.92,-119.76,345.81
681,1499.4,0,750,2,3,435.92,-95.65,345.81
682,1602.42,0,750,2,3,435.92,-48.77,345.81
683,1728.8,0,750,2,3,435.92,-24.73,345.81
684,1518.93,500,500,2,2,435.92,-1.93,345.81
685,1581.48,0,500,2,3,435.92,23.65,345.8
686,1528.55,0,500,2,3,435.92,47.69,345.81
687,1581.48,0,500,2,3,435.92,71.37,345.81
688,1491.96,0,500,2,3,435.92,95.17,345.81
689,1498.57,500,500,2,2,435.92,118.81,345.81
690,1362.46,0,500,2,3,435.92,142.26,345.82
691,1451.03,0,250,2,3,435.92,165.89,345.81
692,1605.48,0,250,2,3,435.92,223.65,345.81
693,1605.48,0,250,2,3,435.92,247.42,345.81
694,1153.38,0,0,3,4,435.92,248.22,345.81
695,1124.55,0,250,2,3,435.92,253.77,345.81
696,1124.55,0,250,2,3,435.92,253.77,317.3
697,1070.7,0,250,2,3,435.92,253.77,316.5
698,1069.79,0,0,3,4,435.92,253.77,281.93
699,1021.26,0,250,2,3,435.93,253.77,270.81
700,1021.26,0,250,2,3,435.93,253.77,242.58
701,999.35,0,0,3,4,435.93,253.77,207.78
702,998.61,0,0,3,4,435.93,253.77,195.81
703,999.35,0,0,3,4,435.93,253.77,195.81
704,1046.09,0,250,2,3,435.93,253.77,195.81
705,999.35,0,0,3,4,435.93,253.77,167.53
706,864.4,0,0,3,4,435.93,253.77,145.81
707,881.83,0,0,3,4,435.93,253.77,145.81
708,898.92,0,0,3,4,435.93,253.77,145.81
709,936.31,0,0,3,4,435.93,253.77,145.81
710,788.67,0,0,3,4,435.93,253.77,145.81
711,935.3,0,0,3,4,435.93,253.77,145.81
712,1018.12,0,250,2,3,435.93,253.77,145.81
713,1018.12,0,250,2,3,435.94,253.77,117.34
714,1363.09,0,250,2,3,435.93,253.77,116.54
715,1405,0,250,2,3,435.93,253.77,82.66
716,1448.02,0,250,2,3,435.93,253.77,48.22
717,1448.02,0,250,2,3,435.93,253.77,16.82
718,1360.59,0,0,3,4,435.93,253.77,-18.7
719,1661.45,500,500,2,2,435.93,253.77,-30.17
720,1597.36,0,250,2,3,435.94,253.77,-51.46
721,1664.86,0,250,2,3,435.93,253.77,-82.02
722,1797.84,500,500,2,2,435.94,253.77,-117.34
723,1666,0,250,2,3,435.94,253.77,-141.1
724,1558.53,0,250,2,3,435.94,253.77,-176.38
725,1634.9,0,250,2,3,435.94,253.77,-153.57
726,1495.25,0,250,2,3,435.94,253.77,-118.21
727,1646.91,0,250,2,3,435.94,253.77,-84.53
728,1764.34,0,250,2,3,435.93,253.77,-53.56
729,1476.61,0,250,2,3,435.93,253.77,-18.01
730,1542.87,0,250,2,3,435.94,253.77,16.53
731,1614.76,0,0,3,4,435.93,253.77,48.4
732,1634.9,0,250,2,3,435.93,253.77,70.81
733,1614.76,0,250,2,3,435.94,253.77,99.05
734,1580.51,0,250,2,3,435.94,253.77,132.85
735,1653.57,0,250,2,3,435.93,253.76,167.49
